{
  "category": "活动公告",
  "desc": "东里村文化活动、旅游体验、公益活动等公告信息",
  "announcements": [
    {
      "id": "event_001",
      "title": "2024年东里村红色文化旅游节",
      "cover": "/assets/images/media/event1.jpg",
      "publish_time": "2024-05-01",
      "start_time": "2024-06-10",
      "end_time": "2024-06-16",
      "location": "东里村红色文旅景区（辛亥革命纪念馆、旌义状石碑等）",
      "content": "为传承红色基因，弘扬侨乡爱国文化，东里村将举办2024年红色文化旅游节。活动期间将推出红色主题研学游、革命故事分享会、侨乡文化展等系列活动，邀请老战士、党史专家现场讲解，同时提供红色景点免费导览服务。游客可参与\"重走革命路\"徒步活动，体验革命先辈的奋斗历程。",
      "organizer": "东里村党支部、东里村村委会",
      "contact": "郑明辉 138XXXX1234",
      "can_book": true
    },
    {
      "id": "event_002",
      "title": "2024年武安尊王诞辰祈福活动",
      "cover": "/assets/images/media/event2.jpg",
      "publish_time": "2024-05-20",
      "start_time": "2024-07-22",
      "end_time": "2024-07-22",
      "location": "东里村昭灵宫",
      "content": "农历六月十七日（公历7月22日）是武安尊王诞辰，东里村将举办传统祈福活动。活动包括巡境祈福、祭祀大典、民俗表演等环节，村民将身着传统服饰，抬着武安尊王神像巡村，祈求全村风调雨顺、合境平安。现场还将展示闽南传统民俗文化，提供特色小吃供游客品尝。",
      "organizer": "东里村昭灵宫管委会",
      "contact": "郑贞池 139XXXX5678",
      "can_book": false
    },
    {
      "id": "event_003",
      "title": "东里村防癌功能农产品采摘节",
      "cover": "/assets/images/media/event3.jpg",
      "publish_time": "2024-06-10",
      "start_time": "2024-08-15",
      "end_time": "2024-08-30",
      "location": "东里村防癌功能农业基地",
      "content": "正值东里村黑米、西兰花、百香果等农产品成熟季，将举办采摘节活动。游客可体验亲手采摘的乐趣，参观防癌食品试验基地，了解功能农产品的种植技术和营养价值。现场设有农产品展销区，可购买新鲜采摘的农产品及深加工产品，同时邀请农业专家提供种植技术咨询服务。",
      "organizer": "东里村农业合作社、郑金贵团队工作室",
      "contact": "郑州 137XXXX9012",
      "can_book": true
    },
    {
      "id": "event_004",
      "title": "迎龙灯·庆中秋民俗活动",
      "cover": "/assets/images/media/event4.jpg",
      "publish_time": "2024-08-05",
      "start_time": "2024-09-15",
      "end_time": "2024-09-15",
      "location": "东里村主干道及各自然村",
      "content": "中秋佳节之际，东里村将举办传统迎龙灯活动。龙灯由村民自发组织制作，长达50米，由数十名村民共同舞动，穿梭于村内各条道路，寓意吉祥如意。活动现场还将举办猜灯谜、赏月茶会等互动环节，游客可参与其中，感受闽南传统民俗的独特魅力。",
      "organizer": "东里村老人会、东里村南音社",
      "contact": "郑志文 136XXXX3456",
      "can_book": false
    },
    {
      "id": "event_005",
      "title": "东里村古民居摄影大赛",
      "cover": "/assets/images/media/event5.jpg",
      "publish_time": "2024-07-01",
      "start_time": "2024-09-01",
      "end_time": "2024-10-31",
      "location": "东里村洋杆尾、池头古民居群",
      "content": "为展示东里村古民居的建筑之美和文化内涵，举办古民居摄影大赛。参赛作品需以东里村古民居为拍摄主题，展现古民居的建筑特色、人文风情、四季景致等。大赛设一、二、三等奖及优秀奖，获奖作品将在东里村村史馆展出，优秀作品作者可获得现金奖励及东里村旅游套票。",
      "organizer": "东里村村委会、泉州艺术家评论协会创作基地",
      "contact": "陈锦燕 135XXXX7890",
      "can_book": true
    },
    {
      "id": "event_006",
      "title": "乡村振兴科普讲座",
      "cover": "/assets/images/media/event6.jpg",
      "publish_time": "2024-08-20",
      "start_time": "2024-09-05",
      "end_time": "2024-09-05",
      "location": "东里村党群服务中心",
      "content": "邀请福建农林大学专家团队开展乡村振兴科普讲座，内容包括功能农业种植技术、农产品电商销售、乡村旅游开发等方面。讲座面向村民、种植户、返乡创业青年等群体，旨在普及农业科技知识，提升村民创业就业能力，助力乡村振兴。现场将设置互动问答环节，为村民解答生产经营中遇到的问题。",
      "organizer": "东里村党支部、福建农林大学郑金贵团队工作室",
      "contact": "郑元月 134XXXX2345",
      "can_book": false
    }
  ]
}
