{
  "category": "村镇人物志",
  "desc": "东里村革命先辈、乡贤名士、大学生人才合集",
  "classifications": [
    {
      "type": "革命先辈",
      "desc": "为民族解放与革命事业作出贡献的东里儿女",
      "figures": [
        {
          "id": "figure_rev_001",
          "name": "郑玉指",
          "birth_death": "1851-1919",
          "images": ["/assets/images/figures/zhgy.jpg"],
          "title": "同盟会会员、华侨革命志士",
          "deed": "1906年加入中国同盟会槟榔屿分会，为首批会员。积极捐资支持辛亥革命，曾照料孙中山家属，1912年获孙中山亲颁\"旌义状\"，其事迹被载入永春革命史册。在海外广泛宣传革命思想，动员侨胞捐资捐物，为革命事业筹集大量资金。",
          "related_spot": ["永春辛亥革命纪念馆", "旌义状石碑"]
        },
        {
          "id": "figure_rev_002",
          "name": "郑拔桶",
          "birth_death": "不详-1949",
          "images": ["/assets/images/figures/zhbt.jpg"],
          "title": "革命烈士、永春24连连长",
          "deed": "曾任永春24连连长，带领队伍参与解放永春、南安的战斗，在1949年剿匪战斗中英勇牺牲。作战勇猛，多次立下战功，其故居位于洋杆尾古民居群，保留有当年的军用物资，是东里村红色教育重要点位。",
          "related_spot": ["洋杆尾古民居群"]
        },
        {
          "id": "figure_rev_003",
          "name": "郑洪洞",
          "birth_death": "1929年生",
          "images": ["/assets/images/figures/zhhd.jpg"],
          "title": "解放战争、抗美援朝老兵",
          "deed": "1947年入伍，历任排长，先后参加解放战争与抗美援朝战争，在战场上英勇作战，多次负伤。退伍后扎根家乡，积极参与村集体建设，担任村支部书记，带领村民修路、建学校，践行\"退伍不褪色\"的军人本色。",
          "related_spot": ["东里村主干道路"]
        },
        {
          "id": "figure_rev_004",
          "name": "郑文良",
          "birth_death": "1927-1949",
          "images": ["/assets/images/figures/zhwl.jpg"],
          "title": "革命烈士",
          "deed": "1949年入伍，同年在解放永春的战斗中牺牲，被追认为烈士。牺牲时年仅22岁，为民族解放事业献出了年轻的生命，其事迹被收录于永春县革命烈士名录。",
          "related_spot": ["古炮楼（瞭望塔）"]
        },
        {
          "id": "figure_rev_005",
          "name": "郑再发",
          "birth_death": "1967-1988",
          "images": ["/assets/images/figures/zhzf.jpg"],
          "title": "因公牺牲军人",
          "deed": "1988年入伍，同年因公牺牲，年仅21岁。服役期间表现优异，多次受到部队嘉奖，牺牲后被追记三等功，其家属多年来积极参与村里的公益事业，传承其奉献精神。",
          "related_spot": ["东里村退役军人服务站"]
        }
      ]
    },
    {
      "type": "乡贤名士",
      "desc": "在学术、行业领域有突出成就的东里籍乡贤",
      "figures": [
        {
          "id": "figure_xian_001",
          "name": "郑金贵",
          "birth_death": "1949年10月生",
          "images": ["/assets/images/figures/zhjg.jpg"],
          "title": "原福建农林大学校长、博士生导师",
          "deed": "获国家发明奖二等奖、全国五一劳动奖章等荣誉，是全国杰出专业技术人才。牵头在东里村建立防癌食品试验基地，推动家乡特色农业发展，2019年受邀赴北戴河休养，2015年作为科技界代表参加天安门阅兵观礼。拥有5项国家发明专利，多项科研成果已产业化。",
          "related_spot": ["防癌功能农业基地"]
        },
        {
          "id": "figure_xian_002",
          "name": "郑傅安",
          "birth_death": "1949年6月生",
          "images": ["/assets/images/figures/zhfa.jpg"],
          "title": "英国皇家画家、世界著名艺术家",
          "deed": "艺名狂根，作品获英国女皇关注并受邀举办个人画展，多次在国际艺术展获奖。积极推动中外艺术交流，为家乡文化品牌建设牵线搭桥，参与东里村文化活动中心建设，捐赠多幅作品用于展示。",
          "related_spot": ["郑傅安艺术（世界）交流中心"]
        },
        {
          "id": "figure_xian_003",
          "name": "郑晓东",
          "birth_death": "1987年生",
          "images": ["/assets/images/figures/zhxd.jpg"],
          "title": "永春县医院中医康复科主任",
          "deed": "2007-2014年就读于北京中医药大学本硕连读，毕业后返乡任职，深耕中医康复领域，擅长针灸、推拿等传统疗法。带领科室开展多项科研项目，为家乡医疗事业贡献专业力量，多次获评县级优秀医务工作者。",
          "related_spot": ["夹际医院"]
        },
        {
          "id": "figure_xian_004",
          "name": "郑进德",
          "birth_death": "1964年生",
          "images": ["/assets/images/figures/zhjd.jpg"],
          "title": "上校军衔、福州市城市管理委员会党组成员",
          "deed": "先后就任海峡之声副总编辑、福清市政府党组成员、副调查员，曾服役于61023部队，上校军衔。退役后继续为地方发展贡献力量，积极联络海内外乡贤支持家乡建设，推动东里村公益事业发展。",
          "related_spot": ["东里村党群服务中心"]
        },
        {
          "id": "figure_xian_005",
          "name": "陈坚固",
          "birth_death": "1948年生",
          "images": ["/assets/images/figures/cjg.jpg"],
          "title": "厦门大学化学系副教授",
          "deed": "1983年10月起在厦门大学化学系任教，兼任教研室书记、主任，实验室主任等职。长期从事化学教学与科研工作，发表学术论文数十篇，培养多名优秀学生，多次返乡开展科普讲座，支持家乡教育事业。",
          "related_spot": ["东里小学"]
        },
        {
          "id": "figure_xian_006",
          "name": "郑龙目",
          "birth_death": "1970年10月生",
          "images": ["/assets/images/figures/zlx.jpg"],
          "title": "永春县委统战部常务副部长",
          "deed": "曾任永春一中政教处副主任、永春县委办副主任、县委政研室主任、坑仔口镇政府镇长，现任县委统战部常务副部长。工作期间积极推动乡村振兴、统战等工作，为东里村争取多项政策支持，助力家乡发展。",
          "related_spot": ["东里村乡村振兴项目指挥部"]
        }
      ]
    },
    {
      "type": "大学生花名册",
      "desc": "东里村本科及以上学历大学生名录（按录取年份排序）",
      "table_header": [
        "序号",
        "姓名",
        "性别",
        "录取年份",
        "院校及批次",
        "专业方向"
      ],
      "students": [
        ["1", "郑集佳", "男", "2015", "厦门华侨大学（本一）", "未注明"],
        ["2", "郑慧鞠", "女", "2015", "厦门华侨大学（本一）", "未注明"],
        ["3", "郑佩娜", "女", "2015", "湖南师范大学（本一）", "未注明"],
        ["4", "郑诗玲", "女", "2015", "泉州师范大学（本二）", "未注明"],
        ["5", "郑娜雯", "女", "2015", "福建工程学院（本二）", "未注明"],
        ["6", "郑幼凤", "女", "2015", "福建闽江学院（本二）", "未注明"],
        ["7", "郑莹钰", "女", "2015", "福建江夏学院（本二）", "未注明"],
        ["8", "郑雅莉", "女", "2015", "三明学院（本二）", "未注明"],
        ["9", "郑韩亮", "男", "2015", "福州外语外贸学院（本二）", "未注明"],
        ["10", "郑燕真", "女", "2016", "仰恩大学人文学院（本二）", "未注明"],
        ["11", "郑铭燕", "女", "2016", "厦门工学院（本二）", "未注明"],
        [
          "12",
          "郑慧文",
          "女",
          "2017",
          "泉州华侨大学经济与金融学院（本一）",
          "经济与金融"
        ],
        [
          "13",
          "郑珊珊",
          "女",
          "2017",
          "厦门华侨大学新闻与传播学院（本一）",
          "新闻与传播"
        ],
        [
          "14",
          "陈雅茹",
          "女",
          "2017",
          "福建江夏学院会计学院（本二）",
          "会计学"
        ],
        ["15", "郑灵斯", "女", "2018", "南京信息工程大学（本一）", "未注明"],
        ["16", "郑振星", "男", "2018", "集美大学（本一）", "未注明"],
        ["17", "陈剑鸿", "男", "2018", "集美大学（本一）", "未注明"],
        [
          "18",
          "郑丽君",
          "女",
          "2019",
          "泉州华侨大学（信息工程）（本一）",
          "信息工程"
        ],
        [
          "19",
          "郑洪发",
          "男",
          "2019",
          "福建师范大学（软件工程）（本一）",
          "软件工程"
        ],
        ["20", "郑坪秀", "女", "2019", "厦门医学院（药学）（本二）", "药学"]
      ]
    }
  ]
}
